Submission id,Participant id,Status,Custom study tncs accepted at,Started at,Completed at,Reviewed at,Archived at,Time taken,Completion code,Total approvals,Age,Sex,Ethnicity simplified,Country of birth,Country of residence,Nationality,Language,Student status,Employment status
6473051e30229de7515082a4,5e0ce0bbda6bad4819153380,RETURNED,Not Applicable,2023-05-28T07:39:10.957000Z,,,2024-12-28T13:08:45.390410Z,,,1170,CONSENT_REVOKED,CONSENT_REVOKED,CONSENT_REVOKED,CONSENT_REVOKED,CONSENT_REVOKED,CONSENT_REVOKED,CONSENT_REVOKED,CONSENT_REVOKED,CONSENT_REVOKED
6473051f066677af7fa1cec2,6160668abf9c1d7ddc705eae,APPROVED,,2023-05-28T07:39:11.306000Z,2023-05-28T08:25:14.147000Z,2023-05-28T13:19:25.920000Z,2023-05-28T08:25:14.565105Z,2763,CHPYNJMX,101,23,Male,White,United Kingdom,United Kingdom,United Kingdom,English,No,DATA_EXPIRED
647305b75ad06b563f6a4330,5b5ecd4b7757ed000198d434,RETURNED,Not Applicable,2023-05-28T07:41:49.834000Z,,,2024-12-28T13:08:45.391475Z,,,2702,CONSENT_REVOKED,CONSENT_REVOKED,CONSENT_REVOKED,CONSENT_REVOKED,CONSENT_REVOKED,CONSENT_REVOKED,CONSENT_REVOKED,CONSENT_REVOKED,CONSENT_REVOKED
6473061cb59998023d66e926,615cb147f04efc8a8c2ff1e5,RETURNED,Not Applicable,2023-05-28T07:43:24.067000Z,,,2024-12-28T13:08:45.395085Z,,,1312,CONSENT_REVOKED,CONSENT_REVOKED,CONSENT_REVOKED,CONSENT_REVOKED,CONSENT_REVOKED,CONSENT_REVOKED,CONSENT_REVOKED,CONSENT_REVOKED,CONSENT_REVOKED
647307930e060460eb192aee,61269eaf037840c7f0f9727d,APPROVED,,2023-05-28T07:53:13.003000Z,2023-05-28T08:54:02.962000Z,2023-05-28T13:19:26.098000Z,2023-05-28T08:54:03.481263Z,3650,CHPYNJMX,46,47,Female,White,United Kingdom,United Kingdom,United Kingdom,English,No,"Not in paid work (e.g. homemaker', 'retired or disabled)"
64731974caddbf26371fc43a,5d49d17b3dad1f0001e2aba1,RETURNED,Not Applicable,2023-05-28T09:05:56.138000Z,2023-05-28T09:35:03.462000Z,,2024-12-28T13:08:45.398945Z,,NOCODE,3056,CONSENT_REVOKED,CONSENT_REVOKED,CONSENT_REVOKED,CONSENT_REVOKED,CONSENT_REVOKED,CONSENT_REVOKED,CONSENT_REVOKED,CONSENT_REVOKED,CONSENT_REVOKED
64731976b410f8bdcd9e6725,63ea4a7fa7d709c8e7887a93,APPROVED,,2023-05-28T09:06:36.575000Z,2023-05-28T09:42:54.377000Z,2023-05-28T11:13:26.140000Z,2023-05-28T09:42:54.770277Z,2178,NOCODE,292,47,Male,White,United Kingdom,United Kingdom,United Kingdom,English,No,Unemployed (and job seeking)
64731976caddbf26371fc43c,64402288403028bd9abd98a7,RETURNED,Not Applicable,2023-05-28T09:06:02.279000Z,2023-05-28T10:03:49.023000Z,,2024-12-28T13:08:45.408960Z,,NOCODE,728,CONSENT_REVOKED,CONSENT_REVOKED,CONSENT_REVOKED,CONSENT_REVOKED,CONSENT_REVOKED,CONSENT_REVOKED,CONSENT_REVOKED,CONSENT_REVOKED,CONSENT_REVOKED
64731977acaa5296026b4a67,6346a9acc2a832b58c8e7229,RETURNED,Not Applicable,2023-05-28T09:05:59.796000Z,,,2024-12-28T13:08:45.406187Z,,,1933,CONSENT_REVOKED,CONSENT_REVOKED,CONSENT_REVOKED,CONSENT_REVOKED,CONSENT_REVOKED,CONSENT_REVOKED,CONSENT_REVOKED,CONSENT_REVOKED,CONSENT_REVOKED
64731979ebafbfc834566030,62b8b2be4c2b1d481f4f68c0,RETURNED,Not Applicable,2023-05-28T09:06:07.444000Z,,,2024-12-28T13:08:45.404145Z,,,1131,CONSENT_REVOKED,CONSENT_REVOKED,CONSENT_REVOKED,CONSENT_REVOKED,CONSENT_REVOKED,CONSENT_REVOKED,CONSENT_REVOKED,CONSENT_REVOKED,CONSENT_REVOKED
6473197a5af18c90278da94b,6035550d95c926d2e7f5f86b,RETURNED,Not Applicable,2023-05-28T09:06:02.143000Z,2023-05-28T09:59:06.458000Z,,2024-12-28T13:08:45.411944Z,,NOCODE,975,CONSENT_REVOKED,CONSENT_REVOKED,CONSENT_REVOKED,CONSENT_REVOKED,CONSENT_REVOKED,CONSENT_REVOKED,CONSENT_REVOKED,CONSENT_REVOKED,CONSENT_REVOKED
6473197a96b5a3f52ae2d168,5a460b57b77a5000014a890c,RETURNED,Not Applicable,2023-05-28T09:06:17.553000Z,,,2024-12-28T13:08:45.413116Z,,,4431,CONSENT_REVOKED,CONSENT_REVOKED,CONSENT_REVOKED,CONSENT_REVOKED,CONSENT_REVOKED,CONSENT_REVOKED,CONSENT_REVOKED,CONSENT_REVOKED,CONSENT_REVOKED
6473197b4ffa4802a166e903,5d8cef3c28e183001a335ab0,RETURNED,Not Applicable,2023-05-28T09:06:03.300000Z,2023-05-28T09:42:07.505000Z,,2024-12-28T13:08:45.417161Z,,NOCODE,5106,CONSENT_REVOKED,CONSENT_REVOKED,CONSENT_REVOKED,CONSENT_REVOKED,CONSENT_REVOKED,CONSENT_REVOKED,CONSENT_REVOKED,CONSENT_REVOKED,CONSENT_REVOKED
6473197b852d146af7ae52bf,60cf8e9061eea6080907595a,RETURNED,Not Applicable,2023-05-28T09:06:08.742000Z,,,2024-12-28T13:08:45.414944Z,,,1778,CONSENT_REVOKED,CONSENT_REVOKED,CONSENT_REVOKED,CONSENT_REVOKED,CONSENT_REVOKED,CONSENT_REVOKED,CONSENT_REVOKED,CONSENT_REVOKED,CONSENT_REVOKED
6473197c77404f030bbc246f,5cee747068258f001931507c,APPROVED,,2023-05-28T09:06:04.537000Z,2023-05-28T11:01:22.921000Z,2023-05-28T13:19:26.268000Z,2023-05-28T11:01:23.667735Z,6919,CHPYNJMX,731,41,Male,White,Turkey,France,France,English,Yes,Full-Time
6473197d9134e5895ef50c44,611fe0f24abe3cc63f4fd424,APPROVED,,2023-05-28T09:06:39.142000Z,2023-05-28T09:56:31.399000Z,2023-05-28T13:19:26.437000Z,2023-05-28T09:56:31.738486Z,2993,CHPYNJMX,444,23,Male,White,Poland,United Kingdom,Poland,English,No,DATA_EXPIRED
6473197d9134e5895ef50c45,63c3d40087c635e7f521b300,RETURNED,Not Applicable,2023-05-28T09:08:33.214000Z,2023-05-28T09:48:12.691000Z,,2024-12-28T13:08:45.430767Z,,NOCODE,1074,CONSENT_REVOKED,CONSENT_REVOKED,CONSENT_REVOKED,CONSENT_REVOKED,CONSENT_REVOKED,CONSENT_REVOKED,CONSENT_REVOKED,CONSENT_REVOKED,CONSENT_REVOKED
6473197e467c871599678e47,5cedaba627d8ce00018469bb,APPROVED,,2023-05-28T09:10:33.195000Z,2023-05-28T10:15:24.772000Z,2023-05-28T10:39:05.790000Z,2023-05-28T10:15:25.213246Z,3892,NOCODE,806,40,Female,White,United Kingdom,United Kingdom,United Kingdom,English,Yes,DATA_EXPIRED
6473197ebd1c2d25d857b7d6,5c7ceda01d2afc0001f4ad1d,RETURNED,Not Applicable,2023-05-28T09:06:06.308000Z,2023-05-28T09:46:07.372000Z,,2024-12-28T13:08:45.425686Z,,NOCODE,1529,CONSENT_REVOKED,CONSENT_REVOKED,CONSENT_REVOKED,CONSENT_REVOKED,CONSENT_REVOKED,CONSENT_REVOKED,CONSENT_REVOKED,CONSENT_REVOKED,CONSENT_REVOKED
6473197f4323ff970057b792,594e2bb7a402220001d84067,RETURNED,Not Applicable,2023-05-28T09:06:07.837000Z,,,2024-12-28T13:08:45.508208Z,,,3426,CONSENT_REVOKED,CONSENT_REVOKED,CONSENT_REVOKED,CONSENT_REVOKED,CONSENT_REVOKED,CONSENT_REVOKED,CONSENT_REVOKED,CONSENT_REVOKED,CONSENT_REVOKED
64731980593468263f43dcf6,5aafd9eff69e940001d88bf4,APPROVED,,2023-05-28T09:06:11.105000Z,2023-05-28T10:01:02.337000Z,2023-05-28T13:19:26.603000Z,2023-05-28T10:01:02.716087Z,3292,CHPYNJMX,2077,57,Female,White,United Kingdom,United Kingdom,United Kingdom,English,No,Part-Time
64731980ca86f21869f47dfd,5e31a1526ef37a1879a94441,APPROVED,,2023-05-28T09:06:08.306000Z,2023-05-28T09:58:36.349000Z,2023-05-28T13:19:26.778000Z,2023-05-28T09:58:36.726055Z,3149,CHPYNJMX,1644,57,Male,White,United Kingdom,United Kingdom,United Kingdom,English,DATA_EXPIRED,DATA_EXPIRED
64731982852d146af7ae52c0,5dbf3be9aab19f3e2dab2f4d,RETURNED,Not Applicable,2023-05-28T09:06:10.257000Z,,,2024-12-28T13:08:45.423239Z,,,2257,CONSENT_REVOKED,CONSENT_REVOKED,CONSENT_REVOKED,CONSENT_REVOKED,CONSENT_REVOKED,CONSENT_REVOKED,CONSENT_REVOKED,CONSENT_REVOKED,CONSENT_REVOKED
647319834ffa4802a166e907,605ab9d5c01d0b0fc69930c5,APPROVED,,2023-05-28T09:06:11.336000Z,2023-05-28T10:04:05.981000Z,2023-05-28T13:19:26.953000Z,2023-05-28T10:04:06.403305Z,3475,CHPYNJMX,1441,36,Male,White,United Kingdom,United Kingdom,United Kingdom,English,Yes,Full-Time
647319879b7ab1682bce3610,5a46d551b77a5000014a8ce9,APPROVED,,2023-05-28T09:07:39.180000Z,2023-05-28T09:49:30.802000Z,2023-05-28T13:19:27.133000Z,2023-05-28T09:49:31.218452Z,2512,CHPYNJMX,1266,25,Female,White,United Kingdom,United Kingdom,Ireland,English,Yes,Full-Time
64731987e4ff8eede37427a7,5c4a061161db8c00015e4fb0,RETURNED,Not Applicable,2023-05-28T09:06:15.961000Z,,,2024-12-28T13:08:45.454429Z,,,3832,CONSENT_REVOKED,CONSENT_REVOKED,CONSENT_REVOKED,CONSENT_REVOKED,CONSENT_REVOKED,CONSENT_REVOKED,CONSENT_REVOKED,CONSENT_REVOKED,CONSENT_REVOKED
6473198887fd05d196f93e31,60dd27004a74c325f5b22e17,RETURNED,Not Applicable,2023-05-28T09:06:19.510000Z,2023-05-28T09:41:22.962000Z,,2024-12-28T13:08:45.539683Z,,NOCODE,1221,CONSENT_REVOKED,CONSENT_REVOKED,CONSENT_REVOKED,CONSENT_REVOKED,CONSENT_REVOKED,CONSENT_REVOKED,CONSENT_REVOKED,CONSENT_REVOKED,CONSENT_REVOKED
6473198996b5a3f52ae2d16b,5755c957eb80c4000741a9ce,RETURNED,Not Applicable,2023-05-28T09:07:55.839000Z,,,2024-12-28T13:08:45.443913Z,,,4121,CONSENT_REVOKED,CONSENT_REVOKED,CONSENT_REVOKED,CONSENT_REVOKED,CONSENT_REVOKED,CONSENT_REVOKED,CONSENT_REVOKED,CONSENT_REVOKED,CONSENT_REVOKED
64731989b2792e293a17aebc,57dc590ddcda780001a0e157,RETURNED,Not Applicable,2023-05-28T09:06:22.055000Z,,,2024-12-28T13:08:45.575281Z,,,2499,CONSENT_REVOKED,CONSENT_REVOKED,CONSENT_REVOKED,CONSENT_REVOKED,CONSENT_REVOKED,CONSENT_REVOKED,CONSENT_REVOKED,CONSENT_REVOKED,CONSENT_REVOKED
6473198a23995eab0bc62c91,58106d17a513590001b1ec9e,RETURNED,Not Applicable,2023-05-28T09:06:21.382000Z,2023-05-28T09:49:18.143000Z,,2024-12-28T13:08:45.464766Z,,NOCODE,3616,CONSENT_REVOKED,CONSENT_REVOKED,CONSENT_REVOKED,CONSENT_REVOKED,CONSENT_REVOKED,CONSENT_REVOKED,CONSENT_REVOKED,CONSENT_REVOKED,CONSENT_REVOKED
6473198a469b686b8abc249f,63469b33c8cdbd6d3067c28b,APPROVED,,2023-05-28T09:06:20.940000Z,2023-05-28T09:57:13.407000Z,2023-05-28T13:19:27.316000Z,2023-05-28T09:57:13.873694Z,3053,CHPYNJMX,460,46,Male,White,United Kingdom,United Kingdom,United Kingdom,English,No,Part-Time
6473198b30dec8bcca1fc401,5e6e0ba33c76d23b3521aeac,RETURNED,Not Applicable,2023-05-28T09:16:19.282000Z,,,2024-12-28T13:08:46.165285Z,,,1752,CONSENT_REVOKED,CONSENT_REVOKED,CONSENT_REVOKED,CONSENT_REVOKED,CONSENT_REVOKED,CONSENT_REVOKED,CONSENT_REVOKED,CONSENT_REVOKED,CONSENT_REVOKED
6473198b6e380a78e3efa34a,63bde12a7a991537c2820716,RETURNED,Not Applicable,2023-05-28T09:06:19.944000Z,2023-05-28T10:26:12.956000Z,,2024-12-28T13:08:45.526730Z,,NOCODE,359,CONSENT_REVOKED,CONSENT_REVOKED,CONSENT_REVOKED,CONSENT_REVOKED,CONSENT_REVOKED,CONSENT_REVOKED,CONSENT_REVOKED,CONSENT_REVOKED,CONSENT_REVOKED
6473198bd12230fe6ae2d1ad,5e92178e8ee4fe54b65b7c39,APPROVED,,2023-05-28T09:06:54.731000Z,2023-05-28T09:37:40.283000Z,2023-05-28T09:58:19.717000Z,2023-05-28T09:37:40.640731Z,1846,NOCODE,1605,28,Male,Mixed,Canada,Spain,United States,English,No,Full-Time
6473198d134217e8824e98ea,568b76fa39a70e000c57b07a,APPROVED,,2023-05-28T09:06:21.287000Z,2023-05-28T09:52:05.463000Z,2023-05-28T13:19:27.488000Z,2023-05-28T09:52:05.872569Z,2745,CHPYNJMX,2107,57,Female,White,United Kingdom,United Kingdom,United Kingdom,English,No,Other
6473198d1acdfe73bda2ef68,5ea954a1550e7902833cece8,APPROVED,,2023-05-28T09:06:27.731000Z,2023-05-28T09:54:42.344000Z,2023-05-28T13:19:27.665000Z,2023-05-28T09:54:42.782087Z,2895,CHPYNJMX,793,22,Male,White,United Kingdom,United Kingdom,United Kingdom,English,No,Full-Time
6473198d2d0abf5e0b736ad8,5eebe3d7b1914c17e6208284,RETURNED,Not Applicable,2023-05-28T09:06:27.240000Z,,,2024-12-28T13:08:45.543582Z,,,589,CONSENT_REVOKED,CONSENT_REVOKED,CONSENT_REVOKED,CONSENT_REVOKED,CONSENT_REVOKED,CONSENT_REVOKED,CONSENT_REVOKED,CONSENT_REVOKED,CONSENT_REVOKED
6473198d6779bf7abff47e1e,5cbee08db4b8d300019a4227,RETURNED,Not Applicable,2023-05-28T09:06:29.665000Z,,,2024-12-28T13:08:45.636420Z,,,1701,CONSENT_REVOKED,CONSENT_REVOKED,CONSENT_REVOKED,CONSENT_REVOKED,CONSENT_REVOKED,CONSENT_REVOKED,CONSENT_REVOKED,CONSENT_REVOKED,CONSENT_REVOKED
6473198e6e380a78e3efa34b,5ea026ebbc5a78011ea73ffb,RETURNED,Not Applicable,2023-05-28T09:06:22.974000Z,,,2024-12-28T13:08:45.573179Z,,,2511,CONSENT_REVOKED,CONSENT_REVOKED,CONSENT_REVOKED,CONSENT_REVOKED,CONSENT_REVOKED,CONSENT_REVOKED,CONSENT_REVOKED,CONSENT_REVOKED,CONSENT_REVOKED
647319905b958331fd736b08,61603594da220b1a4dbac2ec,RETURNED,Not Applicable,2023-05-28T09:06:34.828000Z,2023-05-28T09:53:48.068000Z,,2024-12-28T13:08:45.579569Z,,NOCODE,1383,CONSENT_REVOKED,CONSENT_REVOKED,CONSENT_REVOKED,CONSENT_REVOKED,CONSENT_REVOKED,CONSENT_REVOKED,CONSENT_REVOKED,CONSENT_REVOKED,CONSENT_REVOKED
64731990c4b4607e6b7cca35,5fbfffc4e214a60ab1b745fd,APPROVED,,2023-05-28T09:06:24.522000Z,2023-05-28T09:50:10.589000Z,2023-05-28T13:19:27.842000Z,2023-05-28T09:50:10.940309Z,2627,CHPYNJMX,1202,25,Female,White,United Kingdom,United Kingdom,United Kingdom,English,No,Full-Time
64731991eeedb40a0cd17011,63ea736c2b920ec2af0e7a96,RETURNED,Not Applicable,2023-05-28T09:16:25.380000Z,,,2024-12-28T13:08:45.621366Z,,,161,CONSENT_REVOKED,CONSENT_REVOKED,CONSENT_REVOKED,CONSENT_REVOKED,CONSENT_REVOKED,CONSENT_REVOKED,CONSENT_REVOKED,CONSENT_REVOKED,CONSENT_REVOKED
647319920639720f6a7cca7a,5bf2f728bd9f150001f6cc42,APPROVED,,2023-05-28T09:12:21.185000Z,2023-05-28T10:01:51.995000Z,2023-05-28T13:19:28.014000Z,2023-05-28T10:01:52.435681Z,2971,CHPYNJMX,2160,57,Male,White,United Kingdom,United Kingdom,United Kingdom,English,Yes,Full-Time
6473199237a12cb2ed5f59ec,612266b4f9ae4a5d04a21dd4,APPROVED,,2023-05-28T09:06:30.788000Z,2023-05-28T09:58:34.266000Z,2023-05-28T09:58:50.166000Z,2023-05-28T09:58:35.028997Z,3124,NOCODE,1256,33,Male,White,United Kingdom,United Kingdom,United Kingdom,English,No,Full-Time
64731992ba0429b4be6a4331,5c4499c3d51119000115109a,RETURNED,Not Applicable,2023-05-28T09:06:34.306000Z,,,2024-12-28T13:08:45.607518Z,,,1690,CONSENT_REVOKED,CONSENT_REVOKED,CONSENT_REVOKED,CONSENT_REVOKED,CONSENT_REVOKED,CONSENT_REVOKED,CONSENT_REVOKED,CONSENT_REVOKED,CONSENT_REVOKED
647319935b958331fd736b0b,63de88d74d63ce321662f029,APPROVED,,2023-05-28T09:06:33.624000Z,2023-05-28T10:06:47.469000Z,2023-05-28T13:19:28.190000Z,2023-05-28T10:06:47.838343Z,3614,CHPYNJMX,21,29,Male,Black,Nigeria,United Kingdom,Nigeria,English,Yes,Part-Time
64731993ff858dd95aa6a5c1,62fccb9647eb07d62e9b6baa,RETURNED,Not Applicable,2023-05-28T09:07:41.147000Z,2023-05-28T09:58:10.488000Z,,2024-12-28T13:08:45.701457Z,,NOCODE,1653,CONSENT_REVOKED,CONSENT_REVOKED,CONSENT_REVOKED,CONSENT_REVOKED,CONSENT_REVOKED,CONSENT_REVOKED,CONSENT_REVOKED,CONSENT_REVOKED,CONSENT_REVOKED
6473199543420989ef1f3d85,63d79c228dea8127e5a4e5cc,RETURNED,Not Applicable,2023-05-28T09:06:29.139000Z,,,2024-12-28T13:08:45.665554Z,,,564,CONSENT_REVOKED,CONSENT_REVOKED,CONSENT_REVOKED,CONSENT_REVOKED,CONSENT_REVOKED,CONSENT_REVOKED,CONSENT_REVOKED,CONSENT_REVOKED,CONSENT_REVOKED
64731995c16fb3baadf83ed7,5774ed97d8e8880001b2ff6c,APPROVED,Not Applicable,2023-05-28T09:06:29.587000Z,2023-06-22T13:27:55.268000Z,2023-06-22T13:27:55.669000Z,2024-12-28T13:08:45.657941Z,2175686,Manual Completion,3598,62,Female,White,United Kingdom,United Kingdom,United Kingdom,English,No,"Not in paid work (e.g. homemaker', 'retired or disabled)"
64731995d23538a8f48add3a,5641193817bdbe00122a0f23,RETURNED,Not Applicable,2023-05-28T09:06:29.367000Z,2023-05-28T09:42:55.848000Z,,2024-12-28T13:08:45.668646Z,,NOCODE,2034,CONSENT_REVOKED,CONSENT_REVOKED,CONSENT_REVOKED,CONSENT_REVOKED,CONSENT_REVOKED,CONSENT_REVOKED,CONSENT_REVOKED,CONSENT_REVOKED,CONSENT_REVOKED
64731995d23538a8f48add3d,63d7c195a5fb49d5a97bf7d5,APPROVED,,2023-05-28T09:06:29.837000Z,2023-05-28T09:52:05.096000Z,2023-05-28T13:19:28.359000Z,2023-05-28T09:52:05.684202Z,2736,CHPYNJMX,216,24,Male,Black,United States,United Kingdom,United Kingdom,English,No,Part-Time
647319961c1d5440c46a4377,6137753896c9b6b5813a2432,RETURNED,Not Applicable,2023-05-28T09:07:48.931000Z,,,2024-12-28T13:08:45.758707Z,,,2096,CONSENT_REVOKED,CONSENT_REVOKED,CONSENT_REVOKED,CONSENT_REVOKED,CONSENT_REVOKED,CONSENT_REVOKED,CONSENT_REVOKED,CONSENT_REVOKED,CONSENT_REVOKED
64731996b01d3b4b80192ae5,6051570d959c53ccacb61130,RETURNED,Not Applicable,2023-05-28T09:06:41.983000Z,2023-05-28T09:57:15.675000Z,,2024-12-28T13:08:45.685279Z,,NOCODE,2270,CONSENT_REVOKED,CONSENT_REVOKED,CONSENT_REVOKED,CONSENT_REVOKED,CONSENT_REVOKED,CONSENT_REVOKED,CONSENT_REVOKED,CONSENT_REVOKED,CONSENT_REVOKED
647319979b7ab1682bce3613,55885582fdf99b4021921fbd,RETURNED,Not Applicable,2023-05-28T09:06:31.563000Z,,,2024-12-28T13:08:45.708594Z,,,4688,CONSENT_REVOKED,CONSENT_REVOKED,CONSENT_REVOKED,CONSENT_REVOKED,CONSENT_REVOKED,CONSENT_REVOKED,CONSENT_REVOKED,CONSENT_REVOKED,CONSENT_REVOKED
64731997bea757ba03ae52f8,5953e5633d663c00011d235d,APPROVED,,2023-05-28T09:06:36.227000Z,2023-05-28T10:06:36.761000Z,2023-05-28T13:19:28.528000Z,2023-05-28T10:06:37.209302Z,3601,CHPYNJMX,1413,39,Female,White,United Arab Emirates,United Kingdom,United Kingdom,English,No,Full-Time
64731997caddbf26371fc448,6102bbdba4dd279363094fca,RETURNED,Not Applicable,2023-05-28T09:06:31.932000Z,2023-05-28T10:02:56.901000Z,,2024-12-28T13:08:45.832709Z,,NOCODE,1821,CONSENT_REVOKED,CONSENT_REVOKED,CONSENT_REVOKED,CONSENT_REVOKED,CONSENT_REVOKED,CONSENT_REVOKED,CONSENT_REVOKED,CONSENT_REVOKED,CONSENT_REVOKED
64731997eeedb40a0cd17013,60ef047e8969715a3db7181a,APPROVED,,2023-05-28T09:06:34.067000Z,2023-05-28T10:00:35.333000Z,2023-05-28T13:19:28.692000Z,2023-05-28T10:00:35.802868Z,3242,CHPYNJMX,345,34,Male,White,United Kingdom,United Kingdom,United Kingdom,English,Yes,Full-Time
6473199811a458bb591ed6a5,601a788b7ab49028cd7a4ad4,RETURNED,Not Applicable,2023-05-28T09:06:32.661000Z,2023-05-28T09:36:36.475000Z,,2024-12-28T13:08:45.757745Z,,NOCODE,1081,CONSENT_REVOKED,CONSENT_REVOKED,CONSENT_REVOKED,CONSENT_REVOKED,CONSENT_REVOKED,CONSENT_REVOKED,CONSENT_REVOKED,CONSENT_REVOKED,CONSENT_REVOKED
647319985b958331fd736b0e,5e7a46d8e1e19301df4faab9,RETURNED,Not Applicable,2023-05-28T09:06:32.857000Z,,,2024-12-28T13:08:45.795033Z,,,1373,CONSENT_REVOKED,CONSENT_REVOKED,CONSENT_REVOKED,CONSENT_REVOKED,CONSENT_REVOKED,CONSENT_REVOKED,CONSENT_REVOKED,CONSENT_REVOKED,CONSENT_REVOKED
64731998acaa5296026b4a6e,5d28f05b1d8d93001ec26134,RETURNED,Not Applicable,2023-05-28T09:06:32.178000Z,2023-05-28T09:41:14.759000Z,,2024-12-28T13:08:45.781209Z,,NOCODE,1208,CONSENT_REVOKED,CONSENT_REVOKED,CONSENT_REVOKED,CONSENT_REVOKED,CONSENT_REVOKED,CONSENT_REVOKED,CONSENT_REVOKED,CONSENT_REVOKED,CONSENT_REVOKED
64731998fcf5c16a901ed691,5d7874252f037f0016637125,APPROVED,,2023-05-28T09:06:32.407000Z,2023-05-28T09:53:19.982000Z,2023-05-28T13:19:28.867000Z,2023-05-28T09:53:20.376371Z,2808,CHPYNJMX,1784,75,Female,White,United Kingdom,United Kingdom,United Kingdom,English,No,"Not in paid work (e.g. homemaker', 'retired or disabled)"
647319993e0c82500d9ca993,63effcaddd063d35ebc365d8,RETURNED,Not Applicable,2023-05-28T09:06:38.530000Z,,,2024-12-28T13:08:45.799467Z,,,1303,CONSENT_REVOKED,CONSENT_REVOKED,CONSENT_REVOKED,CONSENT_REVOKED,CONSENT_REVOKED,CONSENT_REVOKED,CONSENT_REVOKED,CONSENT_REVOKED,CONSENT_REVOKED
64731999482316d2dbce364b,597076ad965d930001322d01,APPROVED,,2023-05-28T09:06:36.575000Z,2023-05-28T09:37:50.363000Z,2023-05-29T09:18:21.193000Z,2023-05-28T09:37:50.752290Z,1874,NOCODE,835,34,Female,White,United Kingdom,United Kingdom,United Kingdom,English,No,Part-Time
64731999727efbe3c0742759,5ced66139b5b490001b688ed,APPROVED,,2023-05-28T09:06:37.326000Z,2023-05-28T10:02:00.755000Z,2023-05-28T13:19:29.034000Z,2023-05-28T10:02:01.186792Z,3324,CHPYNJMX,1310,47,Female,White,United Kingdom,United Kingdom,United Kingdom,English,No,Part-Time
647319997fc04736b5f50be7,5ae9cde00335e200019e9eed,RETURNED,Not Applicable,2023-05-28T09:06:35.914000Z,,,2024-12-28T13:08:45.869730Z,,,2788,CONSENT_REVOKED,CONSENT_REVOKED,CONSENT_REVOKED,CONSENT_REVOKED,CONSENT_REVOKED,CONSENT_REVOKED,CONSENT_REVOKED,CONSENT_REVOKED,CONSENT_REVOKED
6473199ad23538a8f48add3f,62b38331e0ef38710a5b0c78,RETURNED,Not Applicable,2023-05-28T09:06:34.599000Z,,,2024-12-28T13:08:45.900366Z,,,961,CONSENT_REVOKED,CONSENT_REVOKED,CONSENT_REVOKED,CONSENT_REVOKED,CONSENT_REVOKED,CONSENT_REVOKED,CONSENT_REVOKED,CONSENT_REVOKED,CONSENT_REVOKED
6473199b6b28929f628da92e,60c770c2798ff49897e4826a,APPROVED,,2023-05-28T09:06:42.307000Z,2023-05-28T10:05:17.320000Z,2023-05-28T13:19:29.205000Z,2023-05-28T10:05:17.730100Z,3516,CHPYNJMX,50,41,Female,White,United Kingdom,United Kingdom,United Kingdom,English,No,Full-Time
6473199be7c39157c917ae77,6365805113952480bdeed7b7,APPROVED,,2023-05-28T09:07:22.972000Z,2023-05-28T10:14:09.037000Z,2023-05-28T13:19:29.752000Z,2023-05-28T10:14:09.455131Z,4007,CHPYNJMX,493,48,Male,White,United Kingdom,United Kingdom,United Kingdom,English,No,Full-Time
6473199c3f0eb3ea841dbcf8,6234a3d5cd2f63c705e5842d,APPROVED,,2023-05-28T09:06:36.902000Z,2023-05-28T10:01:34.928000Z,2023-05-28T13:19:29.932000Z,2023-05-28T10:01:35.445468Z,3299,CHPYNJMX,720,50,Male,White,United Kingdom,United Kingdom,United Kingdom,English,No,Part-Time
6473199cb01d3b4b80192ae9,5c5fe9d34fff5700017ecdb4,APPROVED,,2023-05-28T09:06:36.337000Z,2023-05-28T09:52:28.348000Z,2023-05-28T13:19:30.104000Z,2023-05-28T09:52:28.828315Z,2753,CHPYNJMX,1651,68,Female,White,United Kingdom,United Kingdom,United Kingdom,English,No,"Not in paid work (e.g. homemaker', 'retired or disabled)"
6473199cd308b2525d20003d,59501095c58c85000101dc57,RETURNED,Not Applicable,2023-05-28T09:06:36.590000Z,,,2024-12-28T13:08:45.862699Z,,,2278,CONSENT_REVOKED,CONSENT_REVOKED,CONSENT_REVOKED,CONSENT_REVOKED,CONSENT_REVOKED,CONSENT_REVOKED,CONSENT_REVOKED,CONSENT_REVOKED,CONSENT_REVOKED
6473199d1acdfe73bda2ef6d,5b1efc25bdf4e1000163af46,APPROVED,,2023-05-28T09:06:37.159000Z,2023-05-28T09:55:07.025000Z,2023-05-28T13:19:30.285000Z,2023-05-28T09:55:07.414032Z,2910,CHPYNJMX,2231,36,Female,White,United Kingdom,United Kingdom,United Kingdom,English,No,DATA_EXPIRED
6473199dcaa07571486b4a4c,54905775fdf99b7255546dfe,APPROVED,,2023-05-28T09:06:41.741000Z,2023-05-28T09:49:01.821000Z,2023-05-28T13:19:30.469000Z,2023-05-28T09:49:02.192919Z,2541,CHPYNJMX,1603,34,Male,White,United Kingdom,United Kingdom,United Kingdom,English,DATA_EXPIRED,DATA_EXPIRED
6473199e6fdc02610a7b2427,55d22025cc2b18000c0b9d9c,APPROVED,,2023-05-28T09:06:41.800000Z,2023-05-28T10:15:53.268000Z,2023-05-28T13:19:30.635000Z,2023-05-28T10:15:53.682824Z,4152,CHPYNJMX,816,26,Male,White,United Kingdom,United Kingdom,United Kingdom,English,No,Full-Time
6473199eec6511cac05082e2,5da6b2aca2860400146b8ace,APPROVED,,2023-05-28T09:06:42.203000Z,2023-05-28T10:13:30.447000Z,2023-05-28T13:19:30.820000Z,2023-05-28T10:13:30.853004Z,4009,CHPYNJMX,1145,50,Male,White,United Kingdom,United Kingdom,United Kingdom,English,No,Part-Time
6473199eff858dd95aa6a5c6,63cfee76d9a94dc4186d3a6d,RETURNED,Not Applicable,2023-05-28T09:06:38.384000Z,,,2024-12-28T13:08:45.881601Z,,,312,CONSENT_REVOKED,CONSENT_REVOKED,CONSENT_REVOKED,CONSENT_REVOKED,CONSENT_REVOKED,CONSENT_REVOKED,CONSENT_REVOKED,CONSENT_REVOKED,CONSENT_REVOKED
6473199fcaa07571486b4a4d,60e0bf29c82295dfeed33944,RETURNED,Not Applicable,2023-05-28T09:06:48.269000Z,2023-05-28T09:35:39.838000Z,,2024-12-28T13:08:45.924517Z,,NOCODE,1836,CONSENT_REVOKED,CONSENT_REVOKED,CONSENT_REVOKED,CONSENT_REVOKED,CONSENT_REVOKED,CONSENT_REVOKED,CONSENT_REVOKED,CONSENT_REVOKED,CONSENT_REVOKED
647319a06fdc02610a7b2429,5f392fae9168cc472f0468f6,RETURNED,Not Applicable,2023-05-28T09:06:40.240000Z,,,2024-12-28T13:08:45.922063Z,,,1235,CONSENT_REVOKED,CONSENT_REVOKED,CONSENT_REVOKED,CONSENT_REVOKED,CONSENT_REVOKED,CONSENT_REVOKED,CONSENT_REVOKED,CONSENT_REVOKED,CONSENT_REVOKED
647319a07043f4f02b1ffffd,5eb14b3c30bd5922f1fcc4f2,APPROVED,,2023-05-28T09:06:40.003000Z,2023-05-28T09:53:11.345000Z,2023-05-28T13:19:30.987000Z,2023-05-28T09:53:11.730310Z,2792,CHPYNJMX,502,22,Female,White,United Kingdom,United Kingdom,United Kingdom,English,No,Full-Time
647319c6d330840eb8a1ceaf,60009ee6d7db7017e5bbadd1,RETURNED,Not Applicable,2023-05-28T09:07:22.149000Z,2023-05-28T10:41:33.477000Z,,2024-12-28T13:08:45.923980Z,,NOCODE,1180,CONSENT_REVOKED,CONSENT_REVOKED,CONSENT_REVOKED,CONSENT_REVOKED,CONSENT_REVOKED,CONSENT_REVOKED,CONSENT_REVOKED,CONSENT_REVOKED,CONSENT_REVOKED
64731a0c30dec8bcca1fc421,5e9edad6e7784d016ed87b36,RETURNED,Not Applicable,2023-05-28T09:08:31.043000Z,,,2024-12-28T13:08:45.963584Z,,,3481,CONSENT_REVOKED,CONSENT_REVOKED,CONSENT_REVOKED,CONSENT_REVOKED,CONSENT_REVOKED,CONSENT_REVOKED,CONSENT_REVOKED,CONSENT_REVOKED,CONSENT_REVOKED
64731ac643420989ef1f3dcb,645cf9fc85bdf118416ed9ce,APPROVED,,2023-05-28T09:11:37.452000Z,2023-05-28T11:01:44.487000Z,2023-05-28T13:19:31.181000Z,2023-05-28T11:01:44.904268Z,6608,CHPYNJMX,37,63,Male,Black,Nigeria,United States,Nigeria,English,No,Part-Time
64731adb5595f88d10f8bb5d,64544f4a6de81125435df32a,APPROVED,,2023-05-28T09:11:55.113000Z,2023-05-28T11:10:15.020000Z,2023-05-28T11:30:36.653000Z,2023-05-28T11:10:15.444284Z,7100,NOCODE,64,54,Male,White,United States,United States,United States,English,DATA_EXPIRED,DATA_EXPIRED
64731b362e53b983726b4a40,5ea01b4b2d7b4d0243d93f78,RETURNED,Not Applicable,2023-05-28T09:13:29.697000Z,,,2024-12-28T13:08:45.935398Z,,,3054,CONSENT_REVOKED,CONSENT_REVOKED,CONSENT_REVOKED,CONSENT_REVOKED,CONSENT_REVOKED,CONSENT_REVOKED,CONSENT_REVOKED,CONSENT_REVOKED,CONSENT_REVOKED
64731b36ba0429b4be6a4394,60e85190b9cffd8fed0a064f,APPROVED,,2023-05-28T09:13:34.490000Z,2023-05-28T10:17:03.195000Z,2023-05-28T13:19:31.353000Z,2023-05-28T10:17:03.666587Z,3809,CHPYNJMX,1147,58,Female,White,United Kingdom,United Kingdom,United Kingdom,English,No,Part-Time
64731b7de2213651718da8fb,5efcb50255a06b097b8d5d29,TIMED-OUT,Not Applicable,2023-05-28T09:14:39.968000Z,,,2024-12-28T13:08:45.951972Z,50126047,,1635,37,Male,White,United Kingdom,United Kingdom,United Kingdom,English,DATA_EXPIRED,DATA_EXPIRED
64731bda43ff2ac94317ae83,5c5cad3e4ee81200018eafe2,APPROVED,,2023-05-28T09:16:10.851000Z,2023-05-28T10:19:58.290000Z,2023-05-28T13:19:31.524000Z,2023-05-28T10:19:58.664800Z,3828,CHPYNJMX,3016,71,Female,White,United Kingdom,United Kingdom,United Kingdom,English,No,Full-Time
64731bf043ff2ac94317ae8d,5f01dbf0f5ef5d052ced1135,RETURNED,Not Applicable,2023-05-28T09:19:03.124000Z,2023-05-28T09:54:01.989000Z,,2024-12-28T13:08:46.015379Z,,NOCODE,2012,CONSENT_REVOKED,CONSENT_REVOKED,CONSENT_REVOKED,CONSENT_REVOKED,CONSENT_REVOKED,CONSENT_REVOKED,CONSENT_REVOKED,CONSENT_REVOKED,CONSENT_REVOKED
64731bf86daf361bba566002,6272f5f3d37c1c9e88c115a2,RETURNED,Not Applicable,2023-05-28T09:18:46.037000Z,,,2024-12-28T13:08:46.081353Z,,,3039,CONSENT_REVOKED,CONSENT_REVOKED,CONSENT_REVOKED,CONSENT_REVOKED,CONSENT_REVOKED,CONSENT_REVOKED,CONSENT_REVOKED,CONSENT_REVOKED,CONSENT_REVOKED
64731c9379e7ab8ecf5f59ec,5c17c149f596b100011ca8b8,APPROVED,,2023-05-28T09:19:15.470000Z,2023-05-28T10:10:37.751000Z,2023-05-28T10:13:00.186000Z,2023-05-28T10:10:38.174334Z,3083,NOCODE,1927,34,Female,Mixed,United Kingdom,United Kingdom,United Kingdom,English,DATA_EXPIRED,Unemployed (and job seeking)
64731d03820794ee30736afb,60f6f802c0ede08f7cf69720,RETURNED,Not Applicable,2023-05-28T09:21:11.968000Z,2023-05-28T10:09:42.978000Z,,2024-12-28T13:08:45.979339Z,,Message sent to researcher about unclear instructions.,1052,CONSENT_REVOKED,CONSENT_REVOKED,CONSENT_REVOKED,CONSENT_REVOKED,CONSENT_REVOKED,CONSENT_REVOKED,CONSENT_REVOKED,CONSENT_REVOKED,CONSENT_REVOKED
64731d2a2b337ac2984e98d2,5c366fc38821900001b38b67,RETURNED,Not Applicable,2023-05-28T09:21:51.927000Z,2023-05-28T10:16:14.410000Z,,2024-12-28T13:08:46.060388Z,,NOCODE,2548,CONSENT_REVOKED,CONSENT_REVOKED,CONSENT_REVOKED,CONSENT_REVOKED,CONSENT_REVOKED,CONSENT_REVOKED,CONSENT_REVOKED,CONSENT_REVOKED,CONSENT_REVOKED
64731d40da04104d2c66e93c,62c1f284b5ce5f4d8840ea7c,RETURNED,Not Applicable,2023-05-28T09:22:08.875000Z,,,2024-12-28T13:08:46.042107Z,,,751,CONSENT_REVOKED,CONSENT_REVOKED,CONSENT_REVOKED,CONSENT_REVOKED,CONSENT_REVOKED,CONSENT_REVOKED,CONSENT_REVOKED,CONSENT_REVOKED,CONSENT_REVOKED
6473200d759d11d0cbf83eb7,63174af7d57182f9bf90c094,APPROVED,,2023-05-28T09:34:10.103000Z,2023-05-28T10:52:41.536000Z,2023-05-28T13:19:31.708000Z,2023-05-28T10:52:41.863619Z,4712,CHPYNJMX,788,43,Male,White,United Kingdom,United Kingdom,United Kingdom,English,No,Full-Time
6473202817eb04e1951fc44f,57308d1530a5560010ecbc1a,RETURNED,Not Applicable,2023-05-28T09:34:36.141000Z,,,2024-12-28T13:08:46.074036Z,,,2298,CONSENT_REVOKED,CONSENT_REVOKED,CONSENT_REVOKED,CONSENT_REVOKED,CONSENT_REVOKED,CONSENT_REVOKED,CONSENT_REVOKED,CONSENT_REVOKED,CONSENT_REVOKED
647321b102519245e08add03,5f653cb18aad310a9ee7c32d,APPROVED,,2023-05-28T09:47:15.559000Z,2023-05-28T10:39:29.652000Z,2023-05-28T13:19:31.891000Z,2023-05-28T10:39:30.240032Z,3135,CHPYNJMX,910,31,Female,White,United Kingdom,United Kingdom,United Kingdom,English,DATA_EXPIRED,DATA_EXPIRED
647321c8bbd4ce5ee7f47dea,5ee5defbfe74a3000d106f51,APPROVED,,2023-05-28T09:41:31.918000Z,2023-05-28T10:31:12.847000Z,2023-05-28T13:19:32.067000Z,2023-05-28T10:31:13.237568Z,2981,CHPYNJMX,1854,31,Male,White,United Kingdom,United Kingdom,United Kingdom,English,Yes,Full-Time
647322571b5464ae231dbd3e,644bdfbf6078442ff277a4bb,APPROVED,,2023-05-28T09:46:14.433000Z,2023-05-28T11:07:22.095000Z,2023-05-28T13:19:32.250000Z,2023-05-28T11:07:22.462432Z,4868,CHPYNJMX,46,42,Female,White,United Kingdom,United Kingdom,United Kingdom,English,No,Part-Time
64732262211ba270ddae52df,5ee4a14b578f8a000b384376,APPROVED,,2023-05-28T09:44:10.632000Z,2023-05-28T10:31:09.877000Z,2023-05-28T13:19:32.425000Z,2023-05-28T10:31:10.364651Z,2820,CHPYNJMX,211,47,Male,White,United Kingdom,United Kingdom,United Kingdom,English,No,Full-Time
647322a99fae29a24f8add32,63ed0ffba76a3fb9dfe6dbdb,APPROVED,,2023-05-28T09:45:16.544000Z,2023-05-28T10:37:48.987000Z,2023-05-28T13:19:32.606000Z,2023-05-28T10:37:49.584672Z,3153,CHPYNJMX,24,26,Female,White,United Kingdom,United Kingdom,United Kingdom,English,No,Part-Time
647323e8d55cd8ee0dd17023,63b80a8b220f924d975670bc,APPROVED,,2023-05-28T09:51:52.252000Z,2023-05-28T10:55:58.722000Z,2023-05-28T13:19:32.786000Z,2023-05-28T10:55:59.180849Z,3847,CHPYNJMX,364,48,Female,White,United Kingdom,United Kingdom,United Kingdom,English,No,Part-Time
647324705a9b2065aff8bb6d,6441795624090301ddeba81e,APPROVED,,2023-05-28T09:52:52.451000Z,2023-05-28T10:42:46.279000Z,2023-05-28T13:19:32.972000Z,2023-05-28T10:42:46.686433Z,2994,CHPYNJMX,67,27,Male,White,United Kingdom,United Kingdom,United Kingdom,English,No,Full-Time
647324b8f3b671e451e2d175,5714e0958adadb00098deed4,RETURNED,Not Applicable,2023-05-28T09:54:00.688000Z,2023-05-28T10:24:19.355000Z,,2024-12-28T13:08:46.090058Z,,NOCODE,1730,CONSENT_REVOKED,CONSENT_REVOKED,CONSENT_REVOKED,CONSENT_REVOKED,CONSENT_REVOKED,CONSENT_REVOKED,CONSENT_REVOKED,CONSENT_REVOKED,CONSENT_REVOKED
647325d9ed83cd31d3e2d182,5d68c8aa40524c00189e8ac2,APPROVED,,2023-05-28T09:58:55.912000Z,2023-05-28T11:01:16.133000Z,2023-05-28T13:19:33.145000Z,2023-05-28T11:01:16.678656Z,3741,CHPYNJMX,2493,31,Male,White,United Kingdom,United Kingdom,United Kingdom,English,No,Full-Time
647328bfeb4cc63b2f17aee2,646315cd8a19ae80ac3be078,APPROVED,,2023-05-28T10:11:11.553000Z,2023-05-28T11:37:20.687000Z,2023-05-28T13:18:27.524000Z,2023-05-28T11:37:21.670777Z,5170,NOCODE,45,51,Male,White,United States,United States,United States,English,DATA_EXPIRED,DATA_EXPIRED
64732903c9496331671f3d98,5cff4ed26d6326001acf7022,APPROVED,,2023-05-28T10:12:23.807000Z,2023-05-28T10:44:36.924000Z,2023-05-28T13:18:56.730000Z,2023-05-28T10:44:37.231843Z,1934,NOCODE,27,55,Male,White,United Kingdom,United Kingdom,United Kingdom,English,No,Part-Time
647329c1331e1366a9efa368,60d2c59451b12e36fb281477,RETURNED,Not Applicable,2023-05-28T10:25:29.608000Z,,,2024-12-28T13:08:46.149508Z,,,2320,CONSENT_REVOKED,CONSENT_REVOKED,CONSENT_REVOKED,CONSENT_REVOKED,CONSENT_REVOKED,CONSENT_REVOKED,CONSENT_REVOKED,CONSENT_REVOKED,CONSENT_REVOKED
647329d2eff35316de43dcde,60de4cc94dfda4d9e1948e6d,APPROVED,,2023-05-28T10:15:49.293000Z,2023-05-28T11:19:23.696000Z,2023-05-28T13:19:33.325000Z,2023-05-28T11:19:24.102166Z,3815,CHPYNJMX,512,20,Female,White,United Kingdom,United Kingdom,United Kingdom,English,Yes,DATA_EXPIRED
64732a0094d14bcc4fa6a5d3,63e5665b49cf3cdbd54ea57b,APPROVED,,2023-05-28T10:16:40.047000Z,2023-05-28T10:52:29.497000Z,2023-05-28T13:18:55.912000Z,2023-05-28T10:52:29.869873Z,2150,NOCODE,234,51,Female,White,United Kingdom,United Kingdom,United Kingdom,English,No,Full-Time
64732a8c8ff42340c89e671f,63d508e7cfc3204304a949e2,APPROVED,,2023-05-28T10:22:18.873000Z,2023-05-28T11:16:19.728000Z,2023-05-28T13:19:33.507000Z,2023-05-28T11:16:20.128586Z,3241,CHPYNJMX,307,32,Male,Black,Nigeria,United Kingdom,Nigeria,English,No,Full-Time
64732aafc04702f592f93e69,5dc5da21d999de45a504651b,APPROVED,,2023-05-28T10:19:32.412000Z,2023-05-28T11:43:15.366000Z,2023-05-28T13:19:33.681000Z,2023-05-28T11:43:15.809522Z,5023,CHPYNJMX,1711,44,Male,White,United Kingdom,United Kingdom,United Kingdom,English,No,"Not in paid work (e.g. homemaker', 'retired or disabled)"
64732dc2a67328ac2be2d1a6,63e61d24e1c77b4b584e879f,APPROVED,,2023-05-28T10:32:53.932000Z,2023-05-28T11:20:50.853000Z,2023-05-28T13:19:33.870000Z,2023-05-28T11:20:51.266083Z,2877,CHPYNJMX,288,28,Male,White,United Kingdom,United Kingdom,United Kingdom,English,No,Full-Time
64732dd003296d24a7efa352,56b78f11e77ebe000cbefe79,APPROVED,,2023-05-28T10:32:50.897000Z,2023-05-28T11:19:01.457000Z,2023-05-28T11:22:44.525000Z,2023-05-28T11:19:01.960141Z,2771,NOCODE,3563,57,Female,White,United Kingdom,United Kingdom,United Kingdom,English,No,Full-Time
64732f31ad7751fcc28da945,63468b5809bf04222262bfed,APPROVED,,2023-05-28T10:39:53.485000Z,2023-05-28T11:38:11.149000Z,2023-05-28T13:18:28.553000Z,2023-05-28T11:38:11.507316Z,3498,NOCODE,659,36,Male,White,United Kingdom,United Kingdom,United Kingdom,English,No,Full-Time
64732f79c26f55ab3166e8ee,5b421b9ac2e3810001763252,APPROVED,,2023-05-28T10:39:57.240000Z,2023-05-28T11:36:26.001000Z,2023-05-28T13:19:34.049000Z,2023-05-28T11:36:26.334316Z,3389,CHPYNJMX,1937,35,Female,Mixed,United Kingdom,United Kingdom,United Kingdom,English,No,Part-Time
6473554613b5a1f438ae52df,62aa4c14bb1929c2d8ea602e,RETURNED,Not Applicable,2023-05-28T13:21:14.995000Z,2023-05-28T14:31:51.455000Z,,2024-12-28T13:08:46.122571Z,,NOCODE,160,CONSENT_REVOKED,CONSENT_REVOKED,CONSENT_REVOKED,CONSENT_REVOKED,CONSENT_REVOKED,CONSENT_REVOKED,CONSENT_REVOKED,CONSENT_REVOKED,CONSENT_REVOKED
647355471142949aa19ca9ad,5841e1b3541de800013d49ce,APPROVED,,2023-05-28T13:21:17.776000Z,2023-05-28T14:05:58.441000Z,2023-05-28T14:41:14.236000Z,2023-05-28T14:05:59.059149Z,2681,CHPYNJMX,499,44,Female,White,United Kingdom,United Kingdom,United Kingdom,English,Yes,DATA_EXPIRED
6473554d2fc6fe9192f47e1a,5eabf11a8621a7000ba44fd6,RETURNED,Not Applicable,2023-05-28T13:21:27.482000Z,,,2024-12-28T13:08:46.119472Z,,,145,CONSENT_REVOKED,CONSENT_REVOKED,CONSENT_REVOKED,CONSENT_REVOKED,CONSENT_REVOKED,CONSENT_REVOKED,CONSENT_REVOKED,CONSENT_REVOKED,CONSENT_REVOKED
647355583e50e5bc09a6a5fa,5c670d558654fe00018d4aef,RETURNED,Not Applicable,2023-05-28T13:31:28.309000Z,,,2024-12-28T13:08:46.147964Z,,,607,CONSENT_REVOKED,CONSENT_REVOKED,CONSENT_REVOKED,CONSENT_REVOKED,CONSENT_REVOKED,CONSENT_REVOKED,CONSENT_REVOKED,CONSENT_REVOKED,CONSENT_REVOKED
6473557522a24ba922a1ce8d,61313bcdc465b84422b2246f,APPROVED,,2023-05-28T13:22:02.424000Z,2023-05-28T14:09:21.707000Z,2023-05-28T14:41:14.414000Z,2023-05-28T14:09:22.079495Z,2840,CHPYNJMX,473,22,Female,White,United Kingdom,United Kingdom,United Kingdom,English,Yes,Part-Time
6473557b135ac5dc669e6714,5e95b16a5a20a7024211e6f5,REJECTED,Not Applicable,2023-05-28T13:22:07.889000Z,2023-05-28T13:28:43.004000Z,2023-05-28T13:30:35.981000Z,2024-12-28T13:08:46.149759Z,396,NOCODE,822,CONSENT_REVOKED,CONSENT_REVOKED,CONSENT_REVOKED,CONSENT_REVOKED,CONSENT_REVOKED,CONSENT_REVOKED,CONSENT_REVOKED,CONSENT_REVOKED,CONSENT_REVOKED
6473557c8dee38b22e6b4a6c,5bdfaca767baae00013624fe,APPROVED,,2023-05-28T13:22:10.838000Z,2023-05-28T14:06:34.535000Z,2023-05-28T14:41:14.579000Z,2023-05-28T14:06:34.910013Z,2664,CHPYNJMX,275,26,Female,White,United States,United States,United States,English,No,Full-Time
6473557cb135ea9665f93e2f,63e538c7a895648cdadd5f1e,RETURNED,Not Applicable,2023-05-28T13:22:15.160000Z,,,2024-12-28T13:08:46.196340Z,,,931,CONSENT_REVOKED,CONSENT_REVOKED,CONSENT_REVOKED,CONSENT_REVOKED,CONSENT_REVOKED,CONSENT_REVOKED,CONSENT_REVOKED,CONSENT_REVOKED,CONSENT_REVOKED
64735584df8826255f5082f5,58bfb1f692a88e0001658253,APPROVED,,2023-05-28T13:25:35.418000Z,2023-05-28T14:14:07.316000Z,2023-05-28T14:41:14.748000Z,2023-05-28T14:14:07.801040Z,2912,CHPYNJMX,624,24,Male,White,United Kingdom,United Kingdom,United Kingdom,English,No,"Not in paid work (e.g. homemaker', 'retired or disabled)"
6473558d61986c28c26a436c,5a0482efdf3fa800015c3374,APPROVED,,2023-05-28T13:22:38.310000Z,2023-05-28T14:06:06.163000Z,2023-05-28T14:41:14.915000Z,2023-05-28T14:06:06.541506Z,2608,CHPYNJMX,990,45,Female,White,United Kingdom,United Kingdom,United Kingdom,English,DATA_EXPIRED,Part-Time
647355cf6917362356a1cede,60bab50bcdd5d7ad3ee97479,RETURNED,Not Applicable,2023-05-28T13:23:33.739000Z,2023-05-28T14:00:33.137000Z,,2024-12-28T13:08:46.178370Z,,NOCODE,408,CONSENT_REVOKED,CONSENT_REVOKED,CONSENT_REVOKED,CONSENT_REVOKED,CONSENT_REVOKED,CONSENT_REVOKED,CONSENT_REVOKED,CONSENT_REVOKED,CONSENT_REVOKED
647356e49b6a99a48f74275d,6464f438355f0f5699e1c688,TIMED-OUT,Not Applicable,2023-05-28T13:29:48.669000Z,,,2024-12-28T13:08:46.233710Z,50110738,,335,66,Male,Black,Nigeria,DATA_EXPIRED,Nigeria,English,DATA_EXPIRED,DATA_EXPIRED
64735785ff4a413b1c1f3da6,591c70f8f399850001c51444,RETURNED,Not Applicable,2023-05-28T13:30:51.061000Z,2023-05-28T14:00:37.396000Z,,2024-12-28T13:08:46.200984Z,,NOCODE,1748,CONSENT_REVOKED,CONSENT_REVOKED,CONSENT_REVOKED,CONSENT_REVOKED,CONSENT_REVOKED,CONSENT_REVOKED,CONSENT_REVOKED,CONSENT_REVOKED,CONSENT_REVOKED
64737481385ef75bce66e8f2,646da184dea4be85274eac80,TIMED-OUT,Not Applicable,2023-05-28T15:34:25.179000Z,,,2024-12-28T13:08:46.211472Z,50103262,,28,53,Male,White,United States,United States,United States,English,DATA_EXPIRED,DATA_EXPIRED
647374819d80f337007cca34,6466fe4ce1a2ddcacb98bdda,TIMED-OUT,Not Applicable,2023-05-28T15:34:25.968000Z,,,2024-12-28T13:08:46.300937Z,50103261,,45,53,Male,White,United States,United States,United States,English,DATA_EXPIRED,DATA_EXPIRED
6473754c828ab6c6e9d17026,5cd5e34157a78e001c1bbf99,APPROVED,,2023-05-28T15:37:52.589000Z,2023-05-28T16:25:05.713000Z,2023-05-28T17:42:34.908000Z,2023-05-28T16:25:06.146332Z,2834,CHPYNJMX,1103,30,Female,White,United Kingdom,United Kingdom,United Kingdom,English,No,Full-Time
64737724bf4eac078cf50c57,63ea41da5bd5ed0111145ffb,APPROVED,,2023-05-28T15:45:51.148000Z,2023-05-28T16:52:15.757000Z,2023-05-28T17:42:35.102000Z,2023-05-28T16:52:16.176529Z,3985,CHPYNJMX,228,33,Male,Black,Nigeria,United Kingdom,Nigeria,English,Yes,Full-Time
647377e21e40416a134e98f4,62e1581acad06eee3b6509dc,RETURNED,Not Applicable,2023-05-28T15:50:01.885000Z,,,2024-12-28T13:08:46.220563Z,,,1793,CONSENT_REVOKED,CONSENT_REVOKED,CONSENT_REVOKED,CONSENT_REVOKED,CONSENT_REVOKED,CONSENT_REVOKED,CONSENT_REVOKED,CONSENT_REVOKED,CONSENT_REVOKED
6473783ba8f9345229a6a609,61015f63f9a351d3171a0f98,APPROVED,,2023-05-28T15:50:34.327000Z,2023-05-28T17:01:28.950000Z,2023-05-28T17:42:35.293000Z,2023-05-28T17:01:29.314910Z,4255,CHPYNJMX,1338,43,Male,White,United Kingdom,United Kingdom,United Kingdom,English,No,Full-Time
647378d858f1daaa377b23cd,64135b04961f6ef6b66bb11f,APPROVED,,2023-05-28T15:52:56.923000Z,2023-05-28T16:27:31.673000Z,2023-05-29T09:18:20.383000Z,2023-05-28T16:27:32.034316Z,2075,NOCODE,174,46,Male,White,United Kingdom,United Kingdom,United Kingdom,English,No,Full-Time
64737a4c15d26add92f83f1c,64217d8202361ad4dbed3596,APPROVED,,2023-05-28T16:00:48.525000Z,2023-05-28T17:20:28.081000Z,2023-05-28T17:42:35.481000Z,2023-05-28T17:20:28.651822Z,4780,CHPYNJMX,108,58,Male,White,United Kingdom,United Kingdom,United Kingdom,English,No,"Not in paid work (e.g. homemaker', 'retired or disabled)"
64737b6655f3a2735c9fe0a6,62e234304cf51f62d5ee3e48,APPROVED,,2023-05-28T16:04:31.789000Z,2023-05-28T17:29:55.424000Z,2023-05-28T17:42:35.663000Z,2023-05-28T17:29:59.300029Z,5124,CHPYNJMX,599,57,Male,White,United Kingdom,United Kingdom,United Kingdom,English,DATA_EXPIRED,"Not in paid work (e.g. homemaker', 'retired or disabled)"
64737dfb248fed7cc06a4344,641ecfa9f83175a3d9f63636,APPROVED,,2023-05-28T16:14:56.919000Z,2023-05-28T17:01:29.195000Z,2023-05-28T17:42:35.859000Z,2023-05-28T17:01:29.679651Z,2793,CHPYNJMX,190,36,Male,White,United Kingdom,United Kingdom,United Kingdom,English,No,Full-Time
64738f2d5243ac72c574278e,631610af8e747093cd90e00d,RETURNED,Not Applicable,2023-05-28T17:28:17.910000Z,,,2024-12-28T13:08:46.288231Z,,,2267,CONSENT_REVOKED,CONSENT_REVOKED,CONSENT_REVOKED,CONSENT_REVOKED,CONSENT_REVOKED,CONSENT_REVOKED,CONSENT_REVOKED,CONSENT_REVOKED,CONSENT_REVOKED
6473913652b496b7c7ce3621,63d79fcd741f9cfb2f87152f,APPROVED,,2023-05-28T17:37:21.254000Z,2023-05-28T18:42:53.858000Z,2023-05-28T18:44:34.463000Z,2023-05-28T18:42:54.269925Z,3933,CHPYNJMX,378,47,Male,Black,Nigeria,United Kingdom,United Kingdom,English,No,Other
6473932300ab19b89617aeb2,6347200d8ded5172ec43e0bb,APPROVED,,2023-05-28T17:45:14.829000Z,2023-05-28T18:41:01.150000Z,2023-05-28T18:41:12.449000Z,2023-05-28T18:41:01.553179Z,3347,CHPYNJMX,434,33,Male,White,United Kingdom,United Kingdom,United Kingdom,English,DATA_EXPIRED,DATA_EXPIRED
64739324cd8fd7d04a66e929,630cc9747cb664e8a03c29f0,APPROVED,,2023-05-28T17:51:01.984000Z,2023-05-28T18:42:29.113000Z,2023-05-28T18:44:34.661000Z,2023-05-28T18:42:30.063093Z,3088,CHPYNJMX,1570,34,Male,White,United States,United States,United States,English,No,Full-Time
647393734fb8e649a98add50,60d3136e74b1871646e72544,APPROVED,,2023-05-28T17:46:38.397000Z,2023-05-28T18:53:05.569000Z,2023-05-28T18:57:03.773000Z,2023-05-28T18:53:05.962718Z,3988,CHPYNJMX,1310,45,Male,White,United Kingdom,United Kingdom,United Kingdom,English,No,Full-Time
6473a159841aa48c78a6a5ee,631c8e97db06f601f81bd82f,RETURNED,Not Applicable,2023-05-28T18:46:06.512000Z,,,2024-12-28T13:08:46.228434Z,,,7175,CONSENT_REVOKED,CONSENT_REVOKED,CONSENT_REVOKED,CONSENT_REVOKED,CONSENT_REVOKED,CONSENT_REVOKED,CONSENT_REVOKED,CONSENT_REVOKED,CONSENT_REVOKED
6473a258f6fd88c4b97b2402,5c0873675b32d500012e3f2c,APPROVED,,2023-05-28T18:50:02.451000Z,2023-05-28T19:42:46.801000Z,2023-05-29T09:18:18.377000Z,2023-05-28T19:42:47.322523Z,3165,NOCODE,2117,61,Female,White,United Kingdom,United Kingdom,United Kingdom,English,No,"Not in paid work (e.g. homemaker', 'retired or disabled)"
64746ed2c5827a84588add01,5cf91e3f1756e60017a30568,APPROVED,,2023-05-29T09:22:26.923000Z,2023-05-29T10:24:41.119000Z,2023-06-06T08:23:50.154000Z,2023-05-29T10:24:41.561218Z,3735,CHPYNJMX,1009,46,Female,White,Ireland,Ireland,Ireland,English,No,Part-Time
64746f57d560cbdde89fe0ca,6146f9458dadc743097fc24f,APPROVED,,2023-05-29T09:24:43.905000Z,2023-05-29T10:50:49.080000Z,2023-05-29T14:11:51.710000Z,2023-05-29T10:50:49.790956Z,5166,CHPYNJMX,509,31,Female,White,United Kingdom,United Kingdom,United Kingdom,English,No,Full-Time
64746f9dd3a2fc7c0bf93e6c,6040baff2fafec2fca495656,APPROVED,,2023-05-29T09:25:57.045000Z,2023-05-29T10:12:19.254000Z,2023-05-29T14:11:51.892000Z,2023-05-29T10:12:19.706534Z,2783,CHPYNJMX,238,24,Female,White,United Kingdom,United Kingdom,United Kingdom,English,No,"Not in paid work (e.g. homemaker', 'retired or disabled)"
64746fd7b9f4694e9a9ca9ab,5d8507a6611c9700152f1126,APPROVED,,2023-05-29T09:26:53.529000Z,2023-05-29T10:08:07.053000Z,2023-05-29T14:11:52.072000Z,2023-05-29T10:08:07.658645Z,2474,CHPYNJMX,887,21,Male,White,United Kingdom,United Kingdom,United Kingdom,English,Yes,"Not in paid work (e.g. homemaker', 'retired or disabled)"
64746fd82c6ca261cca6a602,630660f8ad567b9e06dbf456,RETURNED,,2023-05-29T09:27:13.153000Z,,,2024-12-28T13:02:40.935498Z,,,441,CONSENT_REVOKED,CONSENT_REVOKED,CONSENT_REVOKED,CONSENT_REVOKED,CONSENT_REVOKED,CONSENT_REVOKED,CONSENT_REVOKED,CONSENT_REVOKED,CONSENT_REVOKED
64747006b3ac1cece37cca5a,5bff1d05b5b8b600018d9300,APPROVED,,2023-05-29T09:27:41.764000Z,2023-05-29T10:37:44.402000Z,2023-05-29T14:11:52.255000Z,2023-05-29T10:37:44.800091Z,4203,CHPYNJMX,859,51,Female,White,United Kingdom,United Kingdom,United Kingdom,English,DATA_EXPIRED,DATA_EXPIRED
6474703242f93919371dbcf4,594e2ffc27f8fb000162078b,APPROVED,,2023-05-29T09:28:26.371000Z,2023-05-29T10:07:24.020000Z,2023-05-29T14:11:52.423000Z,2023-05-29T10:07:24.494351Z,2338,CHPYNJMX,1470,44,Female,White,United Kingdom,United Kingdom,United Kingdom,English,No,Part-Time
6474704442f93919371dbcf9,5e84e0fa1d17ad0b0a482dda,APPROVED,,2023-05-29T09:28:41.996000Z,2023-05-29T10:15:04.708000Z,2023-05-29T14:11:52.603000Z,2023-05-29T10:15:05.290827Z,2783,CHPYNJMX,320,24,Male,White,United Kingdom,United Kingdom,United Kingdom,English,DATA_EXPIRED,DATA_EXPIRED
64747049c12aea24855082a1,601309736dd22c1447b69592,APPROVED,,2023-05-29T09:28:55.045000Z,2023-05-29T10:37:36.871000Z,2023-05-29T14:11:52.787000Z,2023-05-29T10:37:37.282671Z,4122,CHPYNJMX,183,25,Female,Black,United Kingdom,United Kingdom,United Kingdom,English,No,Full-Time
6474705a41a18b5e90a2ef58,5f7dee73bc8c8b044cc73e18,APPROVED,,2023-05-29T09:29:05.986000Z,2023-05-29T10:24:58.293000Z,2023-05-29T14:11:52.964000Z,2023-05-29T10:24:58.748426Z,3353,CHPYNJMX,351,20,Female,Black,United Kingdom,United Kingdom,United Kingdom,English,Yes,Other
647470664c49469b43f83eb1,58c96ae35d4292000141491d,RETURNED,,2023-05-29T09:29:13.240000Z,,,2024-12-28T13:02:40.927168Z,,,1235,CONSENT_REVOKED,CONSENT_REVOKED,CONSENT_REVOKED,CONSENT_REVOKED,CONSENT_REVOKED,CONSENT_REVOKED,CONSENT_REVOKED,CONSENT_REVOKED,CONSENT_REVOKED
6474709e1f25fe11a9742754,630b42c28d68ad6cfd196dd3,REJECTED,,2023-05-29T09:30:10.030000Z,2023-05-29T09:47:46.653000Z,2023-05-29T09:52:01.001000Z,2024-12-28T13:02:40.931924Z,1057,NOCODE,104,CONSENT_REVOKED,CONSENT_REVOKED,CONSENT_REVOKED,CONSENT_REVOKED,CONSENT_REVOKED,CONSENT_REVOKED,CONSENT_REVOKED,CONSENT_REVOKED,CONSENT_REVOKED
647470a47f6bebd0afefa333,630389e7772b100ba592cdee,APPROVED,,2023-05-29T09:30:22.640000Z,2023-05-29T10:24:20.025000Z,2023-05-29T14:11:53.148000Z,2023-05-29T10:24:20.708512Z,3238,CHPYNJMX,361,35,Female,White,United Kingdom,United Kingdom,United Kingdom,English,Yes,Full-Time
647470ba42f93919371dbd17,60fd05a3cf6e4c9348472e9d,APPROVED,,2023-05-29T09:30:42.017000Z,2023-05-29T10:32:32.445000Z,2023-05-29T14:11:53.342000Z,2023-05-29T10:32:32.839000Z,3711,CHPYNJMX,59,20,Female,White,United Kingdom,New Zealand,New Zealand,English,DATA_EXPIRED,DATA_EXPIRED
647470bfd22c39de258add3b,60fd6453366b667142774af3,APPROVED,,2023-05-29T09:30:48.066000Z,2023-05-29T10:31:48.135000Z,2023-05-29T14:11:53.534000Z,2023-05-29T10:31:48.720665Z,3661,CHPYNJMX,39,24,Female,White,Ireland,Ireland,Ireland,English,No,Full-Time
647470c0e4f77f12aba1ced7,646dc9848e53ff1705d8c9c5,TIMED-OUT,,2023-05-29T09:30:57.086000Z,,,2024-12-28T13:02:40.946813Z,50038304,,899,49,Female,Other,United States,United Kingdom,United States,English,DATA_EXPIRED,Other
647470ecbe8a6079e2678e0a,6000639d15e5f60b499d3e1f,APPROVED,,2023-05-29T09:31:31.703000Z,2023-05-29T11:11:51.142000Z,2023-05-29T14:11:53.709000Z,2023-05-29T11:11:51.583243Z,6020,CHPYNJMX,107,38,Female,White,Ireland,Ireland,Ireland,English,No,Full-Time
64747128aa1b15d17a1f3dc7,56a1226de1e5a600068f943c,RETURNED,,2023-05-29T09:32:51.780000Z,,,2024-12-28T13:02:40.940923Z,,,1364,CONSENT_REVOKED,CONSENT_REVOKED,CONSENT_REVOKED,CONSENT_REVOKED,CONSENT_REVOKED,CONSENT_REVOKED,CONSENT_REVOKED,CONSENT_REVOKED,CONSENT_REVOKED
647471517e51fd79108da943,6160c8f657e3c4094b01614a,RETURNED,,2023-05-29T09:33:05.405000Z,,,2024-12-28T13:02:40.947473Z,,,1559,CONSENT_REVOKED,CONSENT_REVOKED,CONSENT_REVOKED,CONSENT_REVOKED,CONSENT_REVOKED,CONSENT_REVOKED,CONSENT_REVOKED,CONSENT_REVOKED,CONSENT_REVOKED
6474715db696cfff81a6a5aa,644ac4fca1359a25ea5cea3f,APPROVED,,2023-05-29T09:35:31.540000Z,2023-05-29T10:20:08.643000Z,2023-05-29T14:11:53.881000Z,2023-05-29T10:20:08.992847Z,2678,CHPYNJMX,23,47,Female,White,United Kingdom,United Kingdom,United Kingdom,English,No,DATA_EXPIRED
64747168f34520d0f9e2d196,5d66b39acb411d00170f69d6,APPROVED,,2023-05-29T09:33:33.522000Z,2023-05-29T10:19:08.953000Z,2023-05-29T14:11:54.062000Z,2023-05-29T10:19:09.384923Z,2736,CHPYNJMX,4,39,Male,White,United States,United States,United States,English,No,DATA_EXPIRED
6474718487f6ba9a916b4a75,6447aac5ac5c408b4d033993,RETURNED,,2023-05-29T09:34:21.074000Z,,,2024-12-28T13:02:40.957051Z,,,32,CONSENT_REVOKED,CONSENT_REVOKED,CONSENT_REVOKED,CONSENT_REVOKED,CONSENT_REVOKED,CONSENT_REVOKED,CONSENT_REVOKED,CONSENT_REVOKED,CONSENT_REVOKED
647471a51a42a922721f3dcb,562bc30a733ea00011162c34,APPROVED,,2023-05-29T09:34:44.764000Z,2023-05-29T10:29:18.883000Z,2023-05-29T14:11:54.275000Z,2023-05-29T10:29:20.465883Z,3275,CHPYNJMX,925,30,Male,White,United Kingdom,United Kingdom,United Kingdom,English,No,Full-Time
647471ae8be742877c74276b,6159d9989d3806f0083f17fe,RETURNED,,2023-05-29T09:34:43.251000Z,,,2024-12-28T13:02:40.949331Z,,,1059,CONSENT_REVOKED,CONSENT_REVOKED,CONSENT_REVOKED,CONSENT_REVOKED,CONSENT_REVOKED,CONSENT_REVOKED,CONSENT_REVOKED,CONSENT_REVOKED,CONSENT_REVOKED
647471aea138abd64943dcaf,5caf23c113dcf90016ad24ad,RETURNED,,2023-05-29T09:44:38.115000Z,,,2024-12-28T13:02:41.037576Z,,,965,CONSENT_REVOKED,CONSENT_REVOKED,CONSENT_REVOKED,CONSENT_REVOKED,CONSENT_REVOKED,CONSENT_REVOKED,CONSENT_REVOKED,CONSENT_REVOKED,CONSENT_REVOKED
647471beee92b3a3b97b23e9,5ecd4b104b4dc408fcf4eb16,RETURNED,,2023-05-29T09:35:48.045000Z,,,2024-12-28T13:02:40.956731Z,,,1243,CONSENT_REVOKED,CONSENT_REVOKED,CONSENT_REVOKED,CONSENT_REVOKED,CONSENT_REVOKED,CONSENT_REVOKED,CONSENT_REVOKED,CONSENT_REVOKED,CONSENT_REVOKED
647471dc5bb4497b8e9ca97f,5e15d85bd62abeba42692ed3,TIMED-OUT,,2023-05-29T09:37:57.720000Z,,,2024-12-28T13:02:40.961283Z,50037884,,1784,56,Female,White,United Kingdom,United Kingdom,United Kingdom,English,No,"Not in paid work (e.g. homemaker', 'retired or disabled)"
647471e4ab447f67ad5f59ef,612eb27ffda153fd8792e92d,APPROVED,,2023-05-29T09:39:00.233000Z,2023-05-29T10:50:55.687000Z,2023-05-29T14:11:54.461000Z,2023-05-29T10:50:56.082802Z,4316,CHPYNJMX,186,20,Male,White,United Kingdom,United Kingdom,United Kingdom,English,DATA_EXPIRED,DATA_EXPIRED
6474726389ff7095bff8bb4d,612f4e35a9ee7323933cd80f,APPROVED,,2023-05-29T09:37:39.012000Z,2023-05-29T10:24:44.681000Z,2023-05-29T14:11:54.647000Z,2023-05-29T10:24:45.072877Z,2826,CHPYNJMX,300,29,Female,White,United Kingdom,Spain,United Kingdom,English,No,Part-Time
6474734c979ebb5b33b00ce6,5c8675c2d34170000141c920,RETURNED,,2023-05-29T09:41:48.512000Z,,,2024-12-28T13:02:40.966303Z,,,508,CONSENT_REVOKED,CONSENT_REVOKED,CONSENT_REVOKED,CONSENT_REVOKED,CONSENT_REVOKED,CONSENT_REVOKED,CONSENT_REVOKED,CONSENT_REVOKED,CONSENT_REVOKED
647474bbb2354770261fc41c,580aaa7047d0b600011663d8,APPROVED,,2023-05-29T09:47:55.351000Z,2023-05-29T10:43:26.664000Z,2023-05-29T14:11:54.828000Z,2023-05-29T10:43:27.056270Z,3332,CHPYNJMX,1158,DATA_EXPIRED,Female,White,United Kingdom,United Kingdom,United Kingdom,English,DATA_EXPIRED,DATA_EXPIRED
64747583bfe1a4a1701dbd40,63d40228c2fb877b0bfe84ec,RETURNED,,2023-05-29T10:00:59.495000Z,,,2024-12-28T13:02:40.964913Z,,,1244,CONSENT_REVOKED,CONSENT_REVOKED,CONSENT_REVOKED,CONSENT_REVOKED,CONSENT_REVOKED,CONSENT_REVOKED,CONSENT_REVOKED,CONSENT_REVOKED,CONSENT_REVOKED
64747592fc15babfd5736afe,5d5d0d93675200001acda025,RETURNED,,2023-05-29T10:01:14.492000Z,,,2024-12-28T13:02:41.089177Z,,,1210,CONSENT_REVOKED,CONSENT_REVOKED,CONSENT_REVOKED,CONSENT_REVOKED,CONSENT_REVOKED,CONSENT_REVOKED,CONSENT_REVOKED,CONSENT_REVOKED,CONSENT_REVOKED
647475ccc12ebd7a428da936,61268bfae35dcb011f6081b5,APPROVED,,2023-05-29T09:52:18.530000Z,2023-05-29T10:54:19.627000Z,2023-05-29T14:11:55.013000Z,2023-05-29T10:54:20.200393Z,3722,CHPYNJMX,1032,58,Female,White,United Kingdom,United Kingdom,United Kingdom,English,No,DATA_EXPIRED
647475d71cca289a641fc429,59479251f236120001ecf9a2,APPROVED,,2023-05-29T09:52:36.514000Z,2023-05-29T10:39:36.734000Z,2023-05-29T14:11:55.197000Z,2023-05-29T10:39:37.096138Z,2821,CHPYNJMX,1174,53,Male,White,United Kingdom,United Kingdom,United Kingdom,English,No,Part-Time
647477c00f3dd4bdf37cca5e,5ee64d0bf796cb3b252a8c99,APPROVED,,2023-05-29T10:00:36.652000Z,2023-05-29T10:52:32.593000Z,2023-05-29T14:11:55.389000Z,2023-05-29T10:52:33.466211Z,3116,CHPYNJMX,1674,58,Female,White,United Kingdom,United Kingdom,United Kingdom,English,No,Full-Time
64747d3e78c2fe95c51f3daf,607081b0ecb2499634a349dd,APPROVED,,2023-05-29T10:24:01.202000Z,2023-05-29T11:05:33.351000Z,2023-05-29T14:11:55.578000Z,2023-05-29T11:05:33.723198Z,2493,CHPYNJMX,1493,43,Female,White,United Kingdom,United Kingdom,United Kingdom,English,No,Part-Time
64749047bc0610b53a1134d7,57d5ab3a722df500017f3622,APPROVED,,2023-05-29T11:45:20.992000Z,2023-05-29T12:37:14.223000Z,2023-05-29T14:11:55.768000Z,2023-05-29T12:37:14.589350Z,3114,CHPYNJMX,3847,42,Male,White,United Kingdom,United Kingdom,United Kingdom,English,No,Full-Time
64749047f8552bfca71ed69b,5ba4d89abf3b9d000152023c,APPROVED,,2023-05-29T11:45:25.336000Z,2023-05-29T12:57:06.134000Z,2023-05-29T14:11:56.845000Z,2023-05-29T12:57:06.840910Z,4301,CHPYNJMX,64,54,Male,White,United Kingdom,United Kingdom,United Kingdom,English,No,Full-Time
